{"generation": 0, "fitness_avg": -39.99999999999993, "fitness_std": 7.105427357601002e-15, "fitness_best": -39.99999999999992, "fitness_best_val": -39.99999999999992, "n_neurons_best": 6, "n_conns_best": 21, "pop_size": 20, "n_species": 10, "time_elapsed": 15.942710638046265, "time_elapsed_avg": 15.942710638046265, "n_extinctions": 0}
{"generation": 1, "fitness_avg": -39.999999999999915, "fitness_std": 7.105427357601002e-15, "fitness_best": -39.99999999999992, "fitness_best_val": -39.99999999999992, "n_neurons_best": 6, "n_conns_best": 21, "pop_size": 20, "n_species": 10, "time_elapsed": 3.110224485397339, "time_elapsed_avg": 9.526467561721802, "n_extinctions": 0}
{"generation": 2, "fitness_avg": -39.999999999999915, "fitness_std": 7.105427357601002e-15, "fitness_best": -39.99999999999992, "fitness_best_val": -39.99999999999992, "n_neurons_best": 6, "n_conns_best": 21, "pop_size": 20, "n_species": 10, "time_elapsed": 3.1094629764556885, "time_elapsed_avg": 7.387466033299764, "n_extinctions": 0}
{"generation": 3, "fitness_avg": -39.999999999999915, "fitness_std": 7.105427357601002e-15, "fitness_best": -39.99999999999992, "fitness_best_val": -39.99999999999992, "n_neurons_best": 6, "n_conns_best": 21, "pop_size": 20, "n_species": 10, "time_elapsed": 3.119898557662964, "time_elapsed_avg": 6.320574164390564, "n_extinctions": 0}
{"generation": 4, "fitness_avg": -39.999999999999915, "fitness_std": 7.105427357601002e-15, "fitness_best": -39.99999999999992, "fitness_best_val": -39.99999999999992, "n_neurons_best": 6, "n_conns_best": 21, "pop_size": 20, "n_species": 10, "time_elapsed": 3.119873285293579, "time_elapsed_avg": 5.680433988571167, "n_extinctions": 0}
{"generation": 5, "fitness_avg": -39.999999999999915, "fitness_std": 7.105427357601002e-15, "fitness_best": -39.99999999999992, "fitness_best_val": -39.99999999999992, "n_neurons_best": 6, "n_conns_best": 21, "pop_size": 20, "n_species": 10, "time_elapsed": 3.1549160480499268, "time_elapsed_avg": 5.259514331817627, "n_extinctions": 0}
{"generation": 6, "fitness_avg": -39.999999999999915, "fitness_std": 7.105427357601002e-15, "fitness_best": -39.99999999999992, "fitness_best_val": -39.99999999999992, "n_neurons_best": 6, "n_conns_best": 21, "pop_size": 20, "n_species": 10, "time_elapsed": 3.110283851623535, "time_elapsed_avg": 4.952481406075614, "n_extinctions": 0}
{"generation": 7, "fitness_avg": -39.999999999999915, "fitness_std": 7.105427357601002e-15, "fitness_best": -39.99999999999992, "fitness_best_val": -39.99999999999992, "n_neurons_best": 6, "n_conns_best": 21, "pop_size": 20, "n_species": 10, "time_elapsed": 3.1896393299102783, "time_elapsed_avg": 4.732126146554947, "n_extinctions": 0}
{"generation": 8, "fitness_avg": -39.999999999999915, "fitness_std": 7.105427357601002e-15, "fitness_best": -39.99999999999992, "fitness_best_val": -39.99999999999992, "n_neurons_best": 6, "n_conns_best": 21, "pop_size": 20, "n_species": 10, "time_elapsed": 3.3800108432769775, "time_elapsed_avg": 4.581891112857395, "n_extinctions": 0}
{"generation": 9, "fitness_avg": -39.999999999999915, "fitness_std": 7.105427357601002e-15, "fitness_best": -39.99999999999992, "fitness_best_val": -39.99999999999992, "n_neurons_best": 6, "n_conns_best": 21, "pop_size": 20, "n_species": 10, "time_elapsed": 3.2130324840545654, "time_elapsed_avg": 4.445005249977112, "n_extinctions": 0}
{"generation": 10, "fitness_avg": -39.999999999999915, "fitness_std": 7.105427357601002e-15, "fitness_best": -39.99999999999992, "fitness_best_val": -39.99999999999992, "n_neurons_best": 6, "n_conns_best": 21, "pop_size": 20, "n_species": 10, "time_elapsed": 3.2103259563446045, "time_elapsed_avg": 3.1717667818069457, "n_extinctions": 0}
{"generation": 11, "fitness_avg": -39.999999999999915, "fitness_std": 7.105427357601002e-15, "fitness_best": -39.99999999999992, "fitness_best_val": -39.99999999999992, "n_neurons_best": 6, "n_conns_best": 21, "pop_size": 20, "n_species": 10, "time_elapsed": 3.4501054286956787, "time_elapsed_avg": 3.20575487613678, "n_extinctions": 0}
